status,title,titleImg,tags,content,user_created,date_created
published,Chuis tramzn 1,,"[""people"",""disease""]","<p>Banana Man Người Chuối Nhồi Bông Trầm Cảm LELUSH Đáng Yêu Cao Cấp</p><p>ƯU ĐIỂM CỦA Gấu bông Banana Man</p><p>- gấu bông người chuối là dòng sản phẩm cao cấp</p><p>- Chất liệu : nhung mịn cao cấp </p><p>- Bông gòn nhồi bên trong 100% là bông gòn PP 3D trắng tinh khiết loại 1, độ đàn hồi tốt. </p><p>- thú bông người chuối banana man bền đẹp, an toàn cho người sử dụng.</p><p>- Tính năng : để ôm cho bé , trang trí , làm quà tặng …</p><p>THÔNG TIN Người chuối nhồi bông </p><p>- Kích thước:  35 cm</p><p>- Màu sắc: Vàng</p><p>(quý khách hàng có thể chọn theo phân loại hàng hoặc ghi chú màu sắc cho shop)</p><p>- Chất liệu bông: Bông gòn PP 3D tinh khiết, đàn hồi đa chiều </p><p><br></p><p>- Xuất xứ: Việt Nam</p>",ec7fc6da-b68f-4968-a3a5-23edcf373bdb,2023-03-20T10:07:11.758Z
published,Chuis tramzn 3,,"[""hot"",""cassava""]","<p>Banana Man Người Chuối Nhồi Bông Trầm Cảm LELUSH Đáng Yêu Cao Cấp</p><p>ƯU ĐIỂM CỦA Gấu bông Banana Man</p><p>- gấu bông người chuối là dòng sản phẩm cao cấp</p><p>- Chất liệu : nhung mịn cao cấp </p><p>- Bông gòn nhồi bên trong 100% là bông gòn PP 3D trắng tinh khiết loại 1, độ đàn hồi tốt. </p><p>- thú bông người chuối banana man bền đẹp, an toàn cho người sử dụng.</p><p>- Tính năng : để ôm cho bé , trang trí , làm quà tặng …</p><p>THÔNG TIN Người chuối nhồi bông </p><p>- Kích thước:  35 cm</p><p>- Màu sắc: Vàng</p><p>(quý khách hàng có thể chọn theo phân loại hàng hoặc ghi chú màu sắc cho shop)</p><p>- Chất liệu bông: Bông gòn PP 3D tinh khiết, đàn hồi đa chiều </p><p><br></p><p>- Xuất xứ: Việt Nam</p>",ec7fc6da-b68f-4968-a3a5-23edcf373bdb,2023-03-20T10:55:18.785Z
published,Chuis tramzn 4,,,"<p>Banana Man Người Chuối Nhồi Bông Trầm Cảm LELUSH Đáng Yêu Cao Cấp</p><p>ƯU ĐIỂM CỦA Gấu bông Banana Man</p><p>- gấu bông người chuối là dòng sản phẩm cao cấp</p><p>- Chất liệu : nhung mịn cao cấp </p><p>- Bông gòn nhồi bên trong 100% là bông gòn PP 3D trắng tinh khiết loại 1, độ đàn hồi tốt. </p><p>- thú bông người chuối banana man bền đẹp, an toàn cho người sử dụng.</p><p>- Tính năng : để ôm cho bé , trang trí , làm quà tặng …</p><p>THÔNG TIN Người chuối nhồi bông </p><p>- Kích thước:  35 cm</p><p>- Màu sắc: Vàng</p><p>(quý khách hàng có thể chọn theo phân loại hàng hoặc ghi chú màu sắc cho shop)</p><p>- Chất liệu bông: Bông gòn PP 3D tinh khiết, đàn hồi đa chiều </p><p><br></p><p>- Xuất xứ: Việt Nam</p>",ec7fc6da-b68f-4968-a3a5-23edcf373bdb,2023-03-20T10:07:11.758Z
published,Chuis tramzn 5,,"[""people""]","<p>Banana Man Người Chuối Nhồi Bông Trầm Cảm LELUSH Đáng Yêu Cao Cấp</p><p>ƯU ĐIỂM CỦA Gấu bông Banana Man</p><p>- gấu bông người chuối là dòng sản phẩm cao cấp</p><p>- Chất liệu : nhung mịn cao cấp </p><p>- Bông gòn nhồi bên trong 100% là bông gòn PP 3D trắng tinh khiết loại 1, độ đàn hồi tốt. </p><p>- thú bông người chuối banana man bền đẹp, an toàn cho người sử dụng.</p><p>- Tính năng : để ôm cho bé , trang trí , làm quà tặng …</p><p>THÔNG TIN Người chuối nhồi bông </p><p>- Kích thước:  35 cm</p><p>- Màu sắc: Vàng</p><p>(quý khách hàng có thể chọn theo phân loại hàng hoặc ghi chú màu sắc cho shop)</p><p>- Chất liệu bông: Bông gòn PP 3D tinh khiết, đàn hồi đa chiều </p><p><br></p><p>- Xuất xứ: Việt Nam</p>",ec7fc6da-b68f-4968-a3a5-23edcf373bdb,2023-03-20T10:55:18.785Z
published,Chuis tramzn 6,,,"<p>Banana Man Người Chuối Nhồi Bông Trầm Cảm LELUSH Đáng Yêu Cao Cấp</p><p>ƯU ĐIỂM CỦA Gấu bông Banana Man</p><p>- gấu bông người chuối là dòng sản phẩm cao cấp</p><p>- Chất liệu : nhung mịn cao cấp </p><p>- Bông gòn nhồi bên trong 100% là bông gòn PP 3D trắng tinh khiết loại 1, độ đàn hồi tốt. </p><p>- thú bông người chuối banana man bền đẹp, an toàn cho người sử dụng.</p><p>- Tính năng : để ôm cho bé , trang trí , làm quà tặng …</p><p>THÔNG TIN Người chuối nhồi bông </p><p>- Kích thước:  35 cm</p><p>- Màu sắc: Vàng</p><p>(quý khách hàng có thể chọn theo phân loại hàng hoặc ghi chú màu sắc cho shop)</p><p>- Chất liệu bông: Bông gòn PP 3D tinh khiết, đàn hồi đa chiều </p><p><br></p><p>- Xuất xứ: Việt Nam</p>",ec7fc6da-b68f-4968-a3a5-23edcf373bdb,2023-03-20T10:07:11.758Z
published,Chuis tramzn 7,,,"<p>Banana Man Người Chuối Nhồi Bông Trầm Cảm LELUSH Đáng Yêu Cao Cấp</p><p>ƯU ĐIỂM CỦA Gấu bông Banana Man</p><p>- gấu bông người chuối là dòng sản phẩm cao cấp</p><p>- Chất liệu : nhung mịn cao cấp </p><p>- Bông gòn nhồi bên trong 100% là bông gòn PP 3D trắng tinh khiết loại 1, độ đàn hồi tốt. </p><p>- thú bông người chuối banana man bền đẹp, an toàn cho người sử dụng.</p><p>- Tính năng : để ôm cho bé , trang trí , làm quà tặng …</p><p>THÔNG TIN Người chuối nhồi bông </p><p>- Kích thước:  35 cm</p><p>- Màu sắc: Vàng</p><p>(quý khách hàng có thể chọn theo phân loại hàng hoặc ghi chú màu sắc cho shop)</p><p>- Chất liệu bông: Bông gòn PP 3D tinh khiết, đàn hồi đa chiều </p><p><br></p><p>- Xuất xứ: Việt Nam</p>",ec7fc6da-b68f-4968-a3a5-23edcf373bdb,2023-03-20T10:55:18.785Z
published,Chuis tramzn 8,,"[""hot"",""cassava"",""disease""]","<p>Banana Man Người Chuối Nhồi Bông Trầm Cảm LELUSH Đáng Yêu Cao Cấp</p><p>ƯU ĐIỂM CỦA Gấu bông Banana Man</p><p>- gấu bông người chuối là dòng sản phẩm cao cấp</p><p>- Chất liệu : nhung mịn cao cấp </p><p>- Bông gòn nhồi bên trong 100% là bông gòn PP 3D trắng tinh khiết loại 1, độ đàn hồi tốt. </p><p>- thú bông người chuối banana man bền đẹp, an toàn cho người sử dụng.</p><p>- Tính năng : để ôm cho bé , trang trí , làm quà tặng …</p><p>THÔNG TIN Người chuối nhồi bông </p><p>- Kích thước:  35 cm</p><p>- Màu sắc: Vàng</p><p>(quý khách hàng có thể chọn theo phân loại hàng hoặc ghi chú màu sắc cho shop)</p><p>- Chất liệu bông: Bông gòn PP 3D tinh khiết, đàn hồi đa chiều </p><p><br></p><p>- Xuất xứ: Việt Nam</p>",ec7fc6da-b68f-4968-a3a5-23edcf373bdb,2023-03-20T10:07:11.758Z
published,Chuis tramzn 9,,"[""people"",""disease""]","<p>Banana Man Người Chuối Nhồi Bông Trầm Cảm LELUSH Đáng Yêu Cao Cấp</p><p>ƯU ĐIỂM CỦA Gấu bông Banana Man</p><p>- gấu bông người chuối là dòng sản phẩm cao cấp</p><p>- Chất liệu : nhung mịn cao cấp </p><p>- Bông gòn nhồi bên trong 100% là bông gòn PP 3D trắng tinh khiết loại 1, độ đàn hồi tốt. </p><p>- thú bông người chuối banana man bền đẹp, an toàn cho người sử dụng.</p><p>- Tính năng : để ôm cho bé , trang trí , làm quà tặng …</p><p>THÔNG TIN Người chuối nhồi bông </p><p>- Kích thước:  35 cm</p><p>- Màu sắc: Vàng</p><p>(quý khách hàng có thể chọn theo phân loại hàng hoặc ghi chú màu sắc cho shop)</p><p>- Chất liệu bông: Bông gòn PP 3D tinh khiết, đàn hồi đa chiều </p><p><br></p><p>- Xuất xứ: Việt Nam</p>",ec7fc6da-b68f-4968-a3a5-23edcf373bdb,2023-03-20T10:07:11.758Z
published,Chuis tramzn 10,,"[""hot"",""cassava""]","<p>Banana Man Người Chuối Nhồi Bông Trầm Cảm LELUSH Đáng Yêu Cao Cấp</p><p>ƯU ĐIỂM CỦA Gấu bông Banana Man</p><p>- gấu bông người chuối là dòng sản phẩm cao cấp</p><p>- Chất liệu : nhung mịn cao cấp </p><p>- Bông gòn nhồi bên trong 100% là bông gòn PP 3D trắng tinh khiết loại 1, độ đàn hồi tốt. </p><p>- thú bông người chuối banana man bền đẹp, an toàn cho người sử dụng.</p><p>- Tính năng : để ôm cho bé , trang trí , làm quà tặng …</p><p>THÔNG TIN Người chuối nhồi bông </p><p>- Kích thước:  35 cm</p><p>- Màu sắc: Vàng</p><p>(quý khách hàng có thể chọn theo phân loại hàng hoặc ghi chú màu sắc cho shop)</p><p>- Chất liệu bông: Bông gòn PP 3D tinh khiết, đàn hồi đa chiều </p><p><br></p><p>- Xuất xứ: Việt Nam</p>",ec7fc6da-b68f-4968-a3a5-23edcf373bdb,2023-03-20T10:55:18.785Z
published,Chuis tramzn 11,,,"<p>Banana Man Người Chuối Nhồi Bông Trầm Cảm LELUSH Đáng Yêu Cao Cấp</p><p>ƯU ĐIỂM CỦA Gấu bông Banana Man</p><p>- gấu bông người chuối là dòng sản phẩm cao cấp</p><p>- Chất liệu : nhung mịn cao cấp </p><p>- Bông gòn nhồi bên trong 100% là bông gòn PP 3D trắng tinh khiết loại 1, độ đàn hồi tốt. </p><p>- thú bông người chuối banana man bền đẹp, an toàn cho người sử dụng.</p><p>- Tính năng : để ôm cho bé , trang trí , làm quà tặng …</p><p>THÔNG TIN Người chuối nhồi bông </p><p>- Kích thước:  35 cm</p><p>- Màu sắc: Vàng</p><p>(quý khách hàng có thể chọn theo phân loại hàng hoặc ghi chú màu sắc cho shop)</p><p>- Chất liệu bông: Bông gòn PP 3D tinh khiết, đàn hồi đa chiều </p><p><br></p><p>- Xuất xứ: Việt Nam</p>",ec7fc6da-b68f-4968-a3a5-23edcf373bdb,2023-03-20T10:07:11.758Z
published,Chuis tramzn 12,,"[""people""]","<p>Banana Man Người Chuối Nhồi Bông Trầm Cảm LELUSH Đáng Yêu Cao Cấp</p><p>ƯU ĐIỂM CỦA Gấu bông Banana Man</p><p>- gấu bông người chuối là dòng sản phẩm cao cấp</p><p>- Chất liệu : nhung mịn cao cấp </p><p>- Bông gòn nhồi bên trong 100% là bông gòn PP 3D trắng tinh khiết loại 1, độ đàn hồi tốt. </p><p>- thú bông người chuối banana man bền đẹp, an toàn cho người sử dụng.</p><p>- Tính năng : để ôm cho bé , trang trí , làm quà tặng …</p><p>THÔNG TIN Người chuối nhồi bông </p><p>- Kích thước:  35 cm</p><p>- Màu sắc: Vàng</p><p>(quý khách hàng có thể chọn theo phân loại hàng hoặc ghi chú màu sắc cho shop)</p><p>- Chất liệu bông: Bông gòn PP 3D tinh khiết, đàn hồi đa chiều </p><p><br></p><p>- Xuất xứ: Việt Nam</p>",ec7fc6da-b68f-4968-a3a5-23edcf373bdb,2023-03-20T10:55:18.785Z
published,Chuis tramzn 13,,,"<p>Banana Man Người Chuối Nhồi Bông Trầm Cảm LELUSH Đáng Yêu Cao Cấp</p><p>ƯU ĐIỂM CỦA Gấu bông Banana Man</p><p>- gấu bông người chuối là dòng sản phẩm cao cấp</p><p>- Chất liệu : nhung mịn cao cấp </p><p>- Bông gòn nhồi bên trong 100% là bông gòn PP 3D trắng tinh khiết loại 1, độ đàn hồi tốt. </p><p>- thú bông người chuối banana man bền đẹp, an toàn cho người sử dụng.</p><p>- Tính năng : để ôm cho bé , trang trí , làm quà tặng …</p><p>THÔNG TIN Người chuối nhồi bông </p><p>- Kích thước:  35 cm</p><p>- Màu sắc: Vàng</p><p>(quý khách hàng có thể chọn theo phân loại hàng hoặc ghi chú màu sắc cho shop)</p><p>- Chất liệu bông: Bông gòn PP 3D tinh khiết, đàn hồi đa chiều </p><p><br></p><p>- Xuất xứ: Việt Nam</p>",ec7fc6da-b68f-4968-a3a5-23edcf373bdb,2023-03-20T10:07:11.758Z
published,Chuis tramzn 14,,,"<p>Banana Man Người Chuối Nhồi Bông Trầm Cảm LELUSH Đáng Yêu Cao Cấp</p><p>ƯU ĐIỂM CỦA Gấu bông Banana Man</p><p>- gấu bông người chuối là dòng sản phẩm cao cấp</p><p>- Chất liệu : nhung mịn cao cấp </p><p>- Bông gòn nhồi bên trong 100% là bông gòn PP 3D trắng tinh khiết loại 1, độ đàn hồi tốt. </p><p>- thú bông người chuối banana man bền đẹp, an toàn cho người sử dụng.</p><p>- Tính năng : để ôm cho bé , trang trí , làm quà tặng …</p><p>THÔNG TIN Người chuối nhồi bông </p><p>- Kích thước:  35 cm</p><p>- Màu sắc: Vàng</p><p>(quý khách hàng có thể chọn theo phân loại hàng hoặc ghi chú màu sắc cho shop)</p><p>- Chất liệu bông: Bông gòn PP 3D tinh khiết, đàn hồi đa chiều </p><p><br></p><p>- Xuất xứ: Việt Nam</p>",ec7fc6da-b68f-4968-a3a5-23edcf373bdb,2023-03-20T10:55:18.785Z
published,Chuis tramzn 15,,"[""hot"",""cassava"",""disease""]","<p>Banana Man Người Chuối Nhồi Bông Trầm Cảm LELUSH Đáng Yêu Cao Cấp</p><p>ƯU ĐIỂM CỦA Gấu bông Banana Man</p><p>- gấu bông người chuối là dòng sản phẩm cao cấp</p><p>- Chất liệu : nhung mịn cao cấp </p><p>- Bông gòn nhồi bên trong 100% là bông gòn PP 3D trắng tinh khiết loại 1, độ đàn hồi tốt. </p><p>- thú bông người chuối banana man bền đẹp, an toàn cho người sử dụng.</p><p>- Tính năng : để ôm cho bé , trang trí , làm quà tặng …</p><p>THÔNG TIN Người chuối nhồi bông </p><p>- Kích thước:  35 cm</p><p>- Màu sắc: Vàng</p><p>(quý khách hàng có thể chọn theo phân loại hàng hoặc ghi chú màu sắc cho shop)</p><p>- Chất liệu bông: Bông gòn PP 3D tinh khiết, đàn hồi đa chiều </p><p><br></p><p>- Xuất xứ: Việt Nam</p>",ec7fc6da-b68f-4968-a3a5-23edcf373bdb,2023-03-20T10:07:11.758Z
published,Chuis tramzn 16,,"[""people"",""disease""]","<p>Banana Man Người Chuối Nhồi Bông Trầm Cảm LELUSH Đáng Yêu Cao Cấp</p><p>ƯU ĐIỂM CỦA Gấu bông Banana Man</p><p>- gấu bông người chuối là dòng sản phẩm cao cấp</p><p>- Chất liệu : nhung mịn cao cấp </p><p>- Bông gòn nhồi bên trong 100% là bông gòn PP 3D trắng tinh khiết loại 1, độ đàn hồi tốt. </p><p>- thú bông người chuối banana man bền đẹp, an toàn cho người sử dụng.</p><p>- Tính năng : để ôm cho bé , trang trí , làm quà tặng …</p><p>THÔNG TIN Người chuối nhồi bông </p><p>- Kích thước:  35 cm</p><p>- Màu sắc: Vàng</p><p>(quý khách hàng có thể chọn theo phân loại hàng hoặc ghi chú màu sắc cho shop)</p><p>- Chất liệu bông: Bông gòn PP 3D tinh khiết, đàn hồi đa chiều </p><p><br></p><p>- Xuất xứ: Việt Nam</p>",ec7fc6da-b68f-4968-a3a5-23edcf373bdb,2023-03-20T10:07:11.758Z
published,Chuis tramzn 17,,"[""hot"",""cassava""]","<p>Banana Man Người Chuối Nhồi Bông Trầm Cảm LELUSH Đáng Yêu Cao Cấp</p><p>ƯU ĐIỂM CỦA Gấu bông Banana Man</p><p>- gấu bông người chuối là dòng sản phẩm cao cấp</p><p>- Chất liệu : nhung mịn cao cấp </p><p>- Bông gòn nhồi bên trong 100% là bông gòn PP 3D trắng tinh khiết loại 1, độ đàn hồi tốt. </p><p>- thú bông người chuối banana man bền đẹp, an toàn cho người sử dụng.</p><p>- Tính năng : để ôm cho bé , trang trí , làm quà tặng …</p><p>THÔNG TIN Người chuối nhồi bông </p><p>- Kích thước:  35 cm</p><p>- Màu sắc: Vàng</p><p>(quý khách hàng có thể chọn theo phân loại hàng hoặc ghi chú màu sắc cho shop)</p><p>- Chất liệu bông: Bông gòn PP 3D tinh khiết, đàn hồi đa chiều </p><p><br></p><p>- Xuất xứ: Việt Nam</p>",ec7fc6da-b68f-4968-a3a5-23edcf373bdb,2023-03-20T10:55:18.785Z
published,Chuis tramzn 18,,,"<p>Banana Man Người Chuối Nhồi Bông Trầm Cảm LELUSH Đáng Yêu Cao Cấp</p><p>ƯU ĐIỂM CỦA Gấu bông Banana Man</p><p>- gấu bông người chuối là dòng sản phẩm cao cấp</p><p>- Chất liệu : nhung mịn cao cấp </p><p>- Bông gòn nhồi bên trong 100% là bông gòn PP 3D trắng tinh khiết loại 1, độ đàn hồi tốt. </p><p>- thú bông người chuối banana man bền đẹp, an toàn cho người sử dụng.</p><p>- Tính năng : để ôm cho bé , trang trí , làm quà tặng …</p><p>THÔNG TIN Người chuối nhồi bông </p><p>- Kích thước:  35 cm</p><p>- Màu sắc: Vàng</p><p>(quý khách hàng có thể chọn theo phân loại hàng hoặc ghi chú màu sắc cho shop)</p><p>- Chất liệu bông: Bông gòn PP 3D tinh khiết, đàn hồi đa chiều </p><p><br></p><p>- Xuất xứ: Việt Nam</p>",ec7fc6da-b68f-4968-a3a5-23edcf373bdb,2023-03-20T10:07:11.758Z
published,Chuis tramzn 19,,"[""people""]","<p>Banana Man Người Chuối Nhồi Bông Trầm Cảm LELUSH Đáng Yêu Cao Cấp</p><p>ƯU ĐIỂM CỦA Gấu bông Banana Man</p><p>- gấu bông người chuối là dòng sản phẩm cao cấp</p><p>- Chất liệu : nhung mịn cao cấp </p><p>- Bông gòn nhồi bên trong 100% là bông gòn PP 3D trắng tinh khiết loại 1, độ đàn hồi tốt. </p><p>- thú bông người chuối banana man bền đẹp, an toàn cho người sử dụng.</p><p>- Tính năng : để ôm cho bé , trang trí , làm quà tặng …</p><p>THÔNG TIN Người chuối nhồi bông </p><p>- Kích thước:  35 cm</p><p>- Màu sắc: Vàng</p><p>(quý khách hàng có thể chọn theo phân loại hàng hoặc ghi chú màu sắc cho shop)</p><p>- Chất liệu bông: Bông gòn PP 3D tinh khiết, đàn hồi đa chiều </p><p><br></p><p>- Xuất xứ: Việt Nam</p>",ec7fc6da-b68f-4968-a3a5-23edcf373bdb,2023-03-20T10:55:18.785Z
published,Chuis tramzn 20,,,"<p>Banana Man Người Chuối Nhồi Bông Trầm Cảm LELUSH Đáng Yêu Cao Cấp</p><p>ƯU ĐIỂM CỦA Gấu bông Banana Man</p><p>- gấu bông người chuối là dòng sản phẩm cao cấp</p><p>- Chất liệu : nhung mịn cao cấp </p><p>- Bông gòn nhồi bên trong 100% là bông gòn PP 3D trắng tinh khiết loại 1, độ đàn hồi tốt. </p><p>- thú bông người chuối banana man bền đẹp, an toàn cho người sử dụng.</p><p>- Tính năng : để ôm cho bé , trang trí , làm quà tặng …</p><p>THÔNG TIN Người chuối nhồi bông </p><p>- Kích thước:  35 cm</p><p>- Màu sắc: Vàng</p><p>(quý khách hàng có thể chọn theo phân loại hàng hoặc ghi chú màu sắc cho shop)</p><p>- Chất liệu bông: Bông gòn PP 3D tinh khiết, đàn hồi đa chiều </p><p><br></p><p>- Xuất xứ: Việt Nam</p>",ec7fc6da-b68f-4968-a3a5-23edcf373bdb,2023-03-20T10:07:11.758Z
published,Chuis tramzn 21,,,"<p>Banana Man Người Chuối Nhồi Bông Trầm Cảm LELUSH Đáng Yêu Cao Cấp</p><p>ƯU ĐIỂM CỦA Gấu bông Banana Man</p><p>- gấu bông người chuối là dòng sản phẩm cao cấp</p><p>- Chất liệu : nhung mịn cao cấp </p><p>- Bông gòn nhồi bên trong 100% là bông gòn PP 3D trắng tinh khiết loại 1, độ đàn hồi tốt. </p><p>- thú bông người chuối banana man bền đẹp, an toàn cho người sử dụng.</p><p>- Tính năng : để ôm cho bé , trang trí , làm quà tặng …</p><p>THÔNG TIN Người chuối nhồi bông </p><p>- Kích thước:  35 cm</p><p>- Màu sắc: Vàng</p><p>(quý khách hàng có thể chọn theo phân loại hàng hoặc ghi chú màu sắc cho shop)</p><p>- Chất liệu bông: Bông gòn PP 3D tinh khiết, đàn hồi đa chiều </p><p><br></p><p>- Xuất xứ: Việt Nam</p>",ec7fc6da-b68f-4968-a3a5-23edcf373bdb,2023-03-20T10:55:18.785Z
published,Chuis tramzn 22,,"[""hot"",""cassava"",""disease""]","<p>Banana Man Người Chuối Nhồi Bông Trầm Cảm LELUSH Đáng Yêu Cao Cấp</p><p>ƯU ĐIỂM CỦA Gấu bông Banana Man</p><p>- gấu bông người chuối là dòng sản phẩm cao cấp</p><p>- Chất liệu : nhung mịn cao cấp </p><p>- Bông gòn nhồi bên trong 100% là bông gòn PP 3D trắng tinh khiết loại 1, độ đàn hồi tốt. </p><p>- thú bông người chuối banana man bền đẹp, an toàn cho người sử dụng.</p><p>- Tính năng : để ôm cho bé , trang trí , làm quà tặng …</p><p>THÔNG TIN Người chuối nhồi bông </p><p>- Kích thước:  35 cm</p><p>- Màu sắc: Vàng</p><p>(quý khách hàng có thể chọn theo phân loại hàng hoặc ghi chú màu sắc cho shop)</p><p>- Chất liệu bông: Bông gòn PP 3D tinh khiết, đàn hồi đa chiều </p><p><br></p><p>- Xuất xứ: Việt Nam</p>",ec7fc6da-b68f-4968-a3a5-23edcf373bdb,2023-03-20T10:07:11.758Z
published,Chuis tramzn 23,,"[""people"",""disease""]","<p>Banana Man Người Chuối Nhồi Bông Trầm Cảm LELUSH Đáng Yêu Cao Cấp</p><p>ƯU ĐIỂM CỦA Gấu bông Banana Man</p><p>- gấu bông người chuối là dòng sản phẩm cao cấp</p><p>- Chất liệu : nhung mịn cao cấp </p><p>- Bông gòn nhồi bên trong 100% là bông gòn PP 3D trắng tinh khiết loại 1, độ đàn hồi tốt. </p><p>- thú bông người chuối banana man bền đẹp, an toàn cho người sử dụng.</p><p>- Tính năng : để ôm cho bé , trang trí , làm quà tặng …</p><p>THÔNG TIN Người chuối nhồi bông </p><p>- Kích thước:  35 cm</p><p>- Màu sắc: Vàng</p><p>(quý khách hàng có thể chọn theo phân loại hàng hoặc ghi chú màu sắc cho shop)</p><p>- Chất liệu bông: Bông gòn PP 3D tinh khiết, đàn hồi đa chiều </p><p><br></p><p>- Xuất xứ: Việt Nam</p>",ec7fc6da-b68f-4968-a3a5-23edcf373bdb,2023-03-20T10:07:11.758Z
published,Chuis tramzn 24,,"[""hot"",""cassava""]","<p>Banana Man Người Chuối Nhồi Bông Trầm Cảm LELUSH Đáng Yêu Cao Cấp</p><p>ƯU ĐIỂM CỦA Gấu bông Banana Man</p><p>- gấu bông người chuối là dòng sản phẩm cao cấp</p><p>- Chất liệu : nhung mịn cao cấp </p><p>- Bông gòn nhồi bên trong 100% là bông gòn PP 3D trắng tinh khiết loại 1, độ đàn hồi tốt. </p><p>- thú bông người chuối banana man bền đẹp, an toàn cho người sử dụng.</p><p>- Tính năng : để ôm cho bé , trang trí , làm quà tặng …</p><p>THÔNG TIN Người chuối nhồi bông </p><p>- Kích thước:  35 cm</p><p>- Màu sắc: Vàng</p><p>(quý khách hàng có thể chọn theo phân loại hàng hoặc ghi chú màu sắc cho shop)</p><p>- Chất liệu bông: Bông gòn PP 3D tinh khiết, đàn hồi đa chiều </p><p><br></p><p>- Xuất xứ: Việt Nam</p>",ec7fc6da-b68f-4968-a3a5-23edcf373bdb,2023-03-20T10:55:18.785Z
published,Chuis tramzn 25,,,"<p>Banana Man Người Chuối Nhồi Bông Trầm Cảm LELUSH Đáng Yêu Cao Cấp</p><p>ƯU ĐIỂM CỦA Gấu bông Banana Man</p><p>- gấu bông người chuối là dòng sản phẩm cao cấp</p><p>- Chất liệu : nhung mịn cao cấp </p><p>- Bông gòn nhồi bên trong 100% là bông gòn PP 3D trắng tinh khiết loại 1, độ đàn hồi tốt. </p><p>- thú bông người chuối banana man bền đẹp, an toàn cho người sử dụng.</p><p>- Tính năng : để ôm cho bé , trang trí , làm quà tặng …</p><p>THÔNG TIN Người chuối nhồi bông </p><p>- Kích thước:  35 cm</p><p>- Màu sắc: Vàng</p><p>(quý khách hàng có thể chọn theo phân loại hàng hoặc ghi chú màu sắc cho shop)</p><p>- Chất liệu bông: Bông gòn PP 3D tinh khiết, đàn hồi đa chiều </p><p><br></p><p>- Xuất xứ: Việt Nam</p>",ec7fc6da-b68f-4968-a3a5-23edcf373bdb,2023-03-20T10:07:11.758Z
published,Chuis tramzn 26,,"[""people""]","<p>Banana Man Người Chuối Nhồi Bông Trầm Cảm LELUSH Đáng Yêu Cao Cấp</p><p>ƯU ĐIỂM CỦA Gấu bông Banana Man</p><p>- gấu bông người chuối là dòng sản phẩm cao cấp</p><p>- Chất liệu : nhung mịn cao cấp </p><p>- Bông gòn nhồi bên trong 100% là bông gòn PP 3D trắng tinh khiết loại 1, độ đàn hồi tốt. </p><p>- thú bông người chuối banana man bền đẹp, an toàn cho người sử dụng.</p><p>- Tính năng : để ôm cho bé , trang trí , làm quà tặng …</p><p>THÔNG TIN Người chuối nhồi bông </p><p>- Kích thước:  35 cm</p><p>- Màu sắc: Vàng</p><p>(quý khách hàng có thể chọn theo phân loại hàng hoặc ghi chú màu sắc cho shop)</p><p>- Chất liệu bông: Bông gòn PP 3D tinh khiết, đàn hồi đa chiều </p><p><br></p><p>- Xuất xứ: Việt Nam</p>",ec7fc6da-b68f-4968-a3a5-23edcf373bdb,2023-03-20T10:55:18.785Z
published,Chuis tramzn 27,,,"<p>Banana Man Người Chuối Nhồi Bông Trầm Cảm LELUSH Đáng Yêu Cao Cấp</p><p>ƯU ĐIỂM CỦA Gấu bông Banana Man</p><p>- gấu bông người chuối là dòng sản phẩm cao cấp</p><p>- Chất liệu : nhung mịn cao cấp </p><p>- Bông gòn nhồi bên trong 100% là bông gòn PP 3D trắng tinh khiết loại 1, độ đàn hồi tốt. </p><p>- thú bông người chuối banana man bền đẹp, an toàn cho người sử dụng.</p><p>- Tính năng : để ôm cho bé , trang trí , làm quà tặng …</p><p>THÔNG TIN Người chuối nhồi bông </p><p>- Kích thước:  35 cm</p><p>- Màu sắc: Vàng</p><p>(quý khách hàng có thể chọn theo phân loại hàng hoặc ghi chú màu sắc cho shop)</p><p>- Chất liệu bông: Bông gòn PP 3D tinh khiết, đàn hồi đa chiều </p><p><br></p><p>- Xuất xứ: Việt Nam</p>",ec7fc6da-b68f-4968-a3a5-23edcf373bdb,2023-03-20T10:07:11.758Z
published,Chuis tramzn 28,,,"<p>Banana Man Người Chuối Nhồi Bông Trầm Cảm LELUSH Đáng Yêu Cao Cấp</p><p>ƯU ĐIỂM CỦA Gấu bông Banana Man</p><p>- gấu bông người chuối là dòng sản phẩm cao cấp</p><p>- Chất liệu : nhung mịn cao cấp </p><p>- Bông gòn nhồi bên trong 100% là bông gòn PP 3D trắng tinh khiết loại 1, độ đàn hồi tốt. </p><p>- thú bông người chuối banana man bền đẹp, an toàn cho người sử dụng.</p><p>- Tính năng : để ôm cho bé , trang trí , làm quà tặng …</p><p>THÔNG TIN Người chuối nhồi bông </p><p>- Kích thước:  35 cm</p><p>- Màu sắc: Vàng</p><p>(quý khách hàng có thể chọn theo phân loại hàng hoặc ghi chú màu sắc cho shop)</p><p>- Chất liệu bông: Bông gòn PP 3D tinh khiết, đàn hồi đa chiều </p><p><br></p><p>- Xuất xứ: Việt Nam</p>",ec7fc6da-b68f-4968-a3a5-23edcf373bdb,2023-03-20T10:55:18.785Z
published,Chuis tramzn 29,,"[""hot"",""cassava"",""disease""]","<p>Banana Man Người Chuối Nhồi Bông Trầm Cảm LELUSH Đáng Yêu Cao Cấp</p><p>ƯU ĐIỂM CỦA Gấu bông Banana Man</p><p>- gấu bông người chuối là dòng sản phẩm cao cấp</p><p>- Chất liệu : nhung mịn cao cấp </p><p>- Bông gòn nhồi bên trong 100% là bông gòn PP 3D trắng tinh khiết loại 1, độ đàn hồi tốt. </p><p>- thú bông người chuối banana man bền đẹp, an toàn cho người sử dụng.</p><p>- Tính năng : để ôm cho bé , trang trí , làm quà tặng …</p><p>THÔNG TIN Người chuối nhồi bông </p><p>- Kích thước:  35 cm</p><p>- Màu sắc: Vàng</p><p>(quý khách hàng có thể chọn theo phân loại hàng hoặc ghi chú màu sắc cho shop)</p><p>- Chất liệu bông: Bông gòn PP 3D tinh khiết, đàn hồi đa chiều </p><p><br></p><p>- Xuất xứ: Việt Nam</p>",ec7fc6da-b68f-4968-a3a5-23edcf373bdb,2023-03-20T10:07:11.758Z
published,Chuis tramzn 30,,"[""people"",""disease""]","<p>Banana Man Người Chuối Nhồi Bông Trầm Cảm LELUSH Đáng Yêu Cao Cấp</p><p>ƯU ĐIỂM CỦA Gấu bông Banana Man</p><p>- gấu bông người chuối là dòng sản phẩm cao cấp</p><p>- Chất liệu : nhung mịn cao cấp </p><p>- Bông gòn nhồi bên trong 100% là bông gòn PP 3D trắng tinh khiết loại 1, độ đàn hồi tốt. </p><p>- thú bông người chuối banana man bền đẹp, an toàn cho người sử dụng.</p><p>- Tính năng : để ôm cho bé , trang trí , làm quà tặng …</p><p>THÔNG TIN Người chuối nhồi bông </p><p>- Kích thước:  35 cm</p><p>- Màu sắc: Vàng</p><p>(quý khách hàng có thể chọn theo phân loại hàng hoặc ghi chú màu sắc cho shop)</p><p>- Chất liệu bông: Bông gòn PP 3D tinh khiết, đàn hồi đa chiều </p><p><br></p><p>- Xuất xứ: Việt Nam</p>",ec7fc6da-b68f-4968-a3a5-23edcf373bdb,2023-03-20T10:07:11.758Z
published,Chuis tramzn 31,,"[""hot"",""cassava""]","<p>Banana Man Người Chuối Nhồi Bông Trầm Cảm LELUSH Đáng Yêu Cao Cấp</p><p>ƯU ĐIỂM CỦA Gấu bông Banana Man</p><p>- gấu bông người chuối là dòng sản phẩm cao cấp</p><p>- Chất liệu : nhung mịn cao cấp </p><p>- Bông gòn nhồi bên trong 100% là bông gòn PP 3D trắng tinh khiết loại 1, độ đàn hồi tốt. </p><p>- thú bông người chuối banana man bền đẹp, an toàn cho người sử dụng.</p><p>- Tính năng : để ôm cho bé , trang trí , làm quà tặng …</p><p>THÔNG TIN Người chuối nhồi bông </p><p>- Kích thước:  35 cm</p><p>- Màu sắc: Vàng</p><p>(quý khách hàng có thể chọn theo phân loại hàng hoặc ghi chú màu sắc cho shop)</p><p>- Chất liệu bông: Bông gòn PP 3D tinh khiết, đàn hồi đa chiều </p><p><br></p><p>- Xuất xứ: Việt Nam</p>",ec7fc6da-b68f-4968-a3a5-23edcf373bdb,2023-03-20T10:55:18.785Z
published,Chuis tramzn 32,,,"<p>Banana Man Người Chuối Nhồi Bông Trầm Cảm LELUSH Đáng Yêu Cao Cấp</p><p>ƯU ĐIỂM CỦA Gấu bông Banana Man</p><p>- gấu bông người chuối là dòng sản phẩm cao cấp</p><p>- Chất liệu : nhung mịn cao cấp </p><p>- Bông gòn nhồi bên trong 100% là bông gòn PP 3D trắng tinh khiết loại 1, độ đàn hồi tốt. </p><p>- thú bông người chuối banana man bền đẹp, an toàn cho người sử dụng.</p><p>- Tính năng : để ôm cho bé , trang trí , làm quà tặng …</p><p>THÔNG TIN Người chuối nhồi bông </p><p>- Kích thước:  35 cm</p><p>- Màu sắc: Vàng</p><p>(quý khách hàng có thể chọn theo phân loại hàng hoặc ghi chú màu sắc cho shop)</p><p>- Chất liệu bông: Bông gòn PP 3D tinh khiết, đàn hồi đa chiều </p><p><br></p><p>- Xuất xứ: Việt Nam</p>",ec7fc6da-b68f-4968-a3a5-23edcf373bdb,2023-03-20T10:07:11.758Z
published,Chuis tramzn 33,,"[""people""]","<p>Banana Man Người Chuối Nhồi Bông Trầm Cảm LELUSH Đáng Yêu Cao Cấp</p><p>ƯU ĐIỂM CỦA Gấu bông Banana Man</p><p>- gấu bông người chuối là dòng sản phẩm cao cấp</p><p>- Chất liệu : nhung mịn cao cấp </p><p>- Bông gòn nhồi bên trong 100% là bông gòn PP 3D trắng tinh khiết loại 1, độ đàn hồi tốt. </p><p>- thú bông người chuối banana man bền đẹp, an toàn cho người sử dụng.</p><p>- Tính năng : để ôm cho bé , trang trí , làm quà tặng …</p><p>THÔNG TIN Người chuối nhồi bông </p><p>- Kích thước:  35 cm</p><p>- Màu sắc: Vàng</p><p>(quý khách hàng có thể chọn theo phân loại hàng hoặc ghi chú màu sắc cho shop)</p><p>- Chất liệu bông: Bông gòn PP 3D tinh khiết, đàn hồi đa chiều </p><p><br></p><p>- Xuất xứ: Việt Nam</p>",ec7fc6da-b68f-4968-a3a5-23edcf373bdb,2023-03-20T10:55:18.785Z
published,Chuis tramzn 34,,,"<p>Banana Man Người Chuối Nhồi Bông Trầm Cảm LELUSH Đáng Yêu Cao Cấp</p><p>ƯU ĐIỂM CỦA Gấu bông Banana Man</p><p>- gấu bông người chuối là dòng sản phẩm cao cấp</p><p>- Chất liệu : nhung mịn cao cấp </p><p>- Bông gòn nhồi bên trong 100% là bông gòn PP 3D trắng tinh khiết loại 1, độ đàn hồi tốt. </p><p>- thú bông người chuối banana man bền đẹp, an toàn cho người sử dụng.</p><p>- Tính năng : để ôm cho bé , trang trí , làm quà tặng …</p><p>THÔNG TIN Người chuối nhồi bông </p><p>- Kích thước:  35 cm</p><p>- Màu sắc: Vàng</p><p>(quý khách hàng có thể chọn theo phân loại hàng hoặc ghi chú màu sắc cho shop)</p><p>- Chất liệu bông: Bông gòn PP 3D tinh khiết, đàn hồi đa chiều </p><p><br></p><p>- Xuất xứ: Việt Nam</p>",ec7fc6da-b68f-4968-a3a5-23edcf373bdb,2023-03-20T10:07:11.758Z
published,Chuis tramzn 35,,,"<p>Banana Man Người Chuối Nhồi Bông Trầm Cảm LELUSH Đáng Yêu Cao Cấp</p><p>ƯU ĐIỂM CỦA Gấu bông Banana Man</p><p>- gấu bông người chuối là dòng sản phẩm cao cấp</p><p>- Chất liệu : nhung mịn cao cấp </p><p>- Bông gòn nhồi bên trong 100% là bông gòn PP 3D trắng tinh khiết loại 1, độ đàn hồi tốt. </p><p>- thú bông người chuối banana man bền đẹp, an toàn cho người sử dụng.</p><p>- Tính năng : để ôm cho bé , trang trí , làm quà tặng …</p><p>THÔNG TIN Người chuối nhồi bông </p><p>- Kích thước:  35 cm</p><p>- Màu sắc: Vàng</p><p>(quý khách hàng có thể chọn theo phân loại hàng hoặc ghi chú màu sắc cho shop)</p><p>- Chất liệu bông: Bông gòn PP 3D tinh khiết, đàn hồi đa chiều </p><p><br></p><p>- Xuất xứ: Việt Nam</p>",ec7fc6da-b68f-4968-a3a5-23edcf373bdb,2023-03-20T10:55:18.785Z
published,Chuis tramzn 36,,"[""hot"",""cassava"",""disease""]","<p>Banana Man Người Chuối Nhồi Bông Trầm Cảm LELUSH Đáng Yêu Cao Cấp</p><p>ƯU ĐIỂM CỦA Gấu bông Banana Man</p><p>- gấu bông người chuối là dòng sản phẩm cao cấp</p><p>- Chất liệu : nhung mịn cao cấp </p><p>- Bông gòn nhồi bên trong 100% là bông gòn PP 3D trắng tinh khiết loại 1, độ đàn hồi tốt. </p><p>- thú bông người chuối banana man bền đẹp, an toàn cho người sử dụng.</p><p>- Tính năng : để ôm cho bé , trang trí , làm quà tặng …</p><p>THÔNG TIN Người chuối nhồi bông </p><p>- Kích thước:  35 cm</p><p>- Màu sắc: Vàng</p><p>(quý khách hàng có thể chọn theo phân loại hàng hoặc ghi chú màu sắc cho shop)</p><p>- Chất liệu bông: Bông gòn PP 3D tinh khiết, đàn hồi đa chiều </p><p><br></p><p>- Xuất xứ: Việt Nam</p>",ec7fc6da-b68f-4968-a3a5-23edcf373bdb,2023-03-20T10:07:11.758Z
published,Chuis tramzn 37,,"[""people"",""disease""]","<p>Banana Man Người Chuối Nhồi Bông Trầm Cảm LELUSH Đáng Yêu Cao Cấp</p><p>ƯU ĐIỂM CỦA Gấu bông Banana Man</p><p>- gấu bông người chuối là dòng sản phẩm cao cấp</p><p>- Chất liệu : nhung mịn cao cấp </p><p>- Bông gòn nhồi bên trong 100% là bông gòn PP 3D trắng tinh khiết loại 1, độ đàn hồi tốt. </p><p>- thú bông người chuối banana man bền đẹp, an toàn cho người sử dụng.</p><p>- Tính năng : để ôm cho bé , trang trí , làm quà tặng …</p><p>THÔNG TIN Người chuối nhồi bông </p><p>- Kích thước:  35 cm</p><p>- Màu sắc: Vàng</p><p>(quý khách hàng có thể chọn theo phân loại hàng hoặc ghi chú màu sắc cho shop)</p><p>- Chất liệu bông: Bông gòn PP 3D tinh khiết, đàn hồi đa chiều </p><p><br></p><p>- Xuất xứ: Việt Nam</p>",ec7fc6da-b68f-4968-a3a5-23edcf373bdb,2023-03-20T10:07:11.758Z
published,Chuis tramzn 38,,"[""hot"",""cassava""]","<p>Banana Man Người Chuối Nhồi Bông Trầm Cảm LELUSH Đáng Yêu Cao Cấp</p><p>ƯU ĐIỂM CỦA Gấu bông Banana Man</p><p>- gấu bông người chuối là dòng sản phẩm cao cấp</p><p>- Chất liệu : nhung mịn cao cấp </p><p>- Bông gòn nhồi bên trong 100% là bông gòn PP 3D trắng tinh khiết loại 1, độ đàn hồi tốt. </p><p>- thú bông người chuối banana man bền đẹp, an toàn cho người sử dụng.</p><p>- Tính năng : để ôm cho bé , trang trí , làm quà tặng …</p><p>THÔNG TIN Người chuối nhồi bông </p><p>- Kích thước:  35 cm</p><p>- Màu sắc: Vàng</p><p>(quý khách hàng có thể chọn theo phân loại hàng hoặc ghi chú màu sắc cho shop)</p><p>- Chất liệu bông: Bông gòn PP 3D tinh khiết, đàn hồi đa chiều </p><p><br></p><p>- Xuất xứ: Việt Nam</p>",ec7fc6da-b68f-4968-a3a5-23edcf373bdb,2023-03-20T10:55:18.785Z
published,Chuis tramzn 39,,,"<p>Banana Man Người Chuối Nhồi Bông Trầm Cảm LELUSH Đáng Yêu Cao Cấp</p><p>ƯU ĐIỂM CỦA Gấu bông Banana Man</p><p>- gấu bông người chuối là dòng sản phẩm cao cấp</p><p>- Chất liệu : nhung mịn cao cấp </p><p>- Bông gòn nhồi bên trong 100% là bông gòn PP 3D trắng tinh khiết loại 1, độ đàn hồi tốt. </p><p>- thú bông người chuối banana man bền đẹp, an toàn cho người sử dụng.</p><p>- Tính năng : để ôm cho bé , trang trí , làm quà tặng …</p><p>THÔNG TIN Người chuối nhồi bông </p><p>- Kích thước:  35 cm</p><p>- Màu sắc: Vàng</p><p>(quý khách hàng có thể chọn theo phân loại hàng hoặc ghi chú màu sắc cho shop)</p><p>- Chất liệu bông: Bông gòn PP 3D tinh khiết, đàn hồi đa chiều </p><p><br></p><p>- Xuất xứ: Việt Nam</p>",ec7fc6da-b68f-4968-a3a5-23edcf373bdb,2023-03-20T10:07:11.758Z
published,Chuis tramzn 40,,"[""people""]","<p>Banana Man Người Chuối Nhồi Bông Trầm Cảm LELUSH Đáng Yêu Cao Cấp</p><p>ƯU ĐIỂM CỦA Gấu bông Banana Man</p><p>- gấu bông người chuối là dòng sản phẩm cao cấp</p><p>- Chất liệu : nhung mịn cao cấp </p><p>- Bông gòn nhồi bên trong 100% là bông gòn PP 3D trắng tinh khiết loại 1, độ đàn hồi tốt. </p><p>- thú bông người chuối banana man bền đẹp, an toàn cho người sử dụng.</p><p>- Tính năng : để ôm cho bé , trang trí , làm quà tặng …</p><p>THÔNG TIN Người chuối nhồi bông </p><p>- Kích thước:  35 cm</p><p>- Màu sắc: Vàng</p><p>(quý khách hàng có thể chọn theo phân loại hàng hoặc ghi chú màu sắc cho shop)</p><p>- Chất liệu bông: Bông gòn PP 3D tinh khiết, đàn hồi đa chiều </p><p><br></p><p>- Xuất xứ: Việt Nam</p>",ec7fc6da-b68f-4968-a3a5-23edcf373bdb,2023-03-20T10:55:18.785Z
